2019-01-01,2019-01-07
2019-01-07,2019-01-13
2019-01-13,2019-01-19
2019-01-19,2019-01-25
2019-01-25,2019-01-31
2019-01-31,2019-02-06
2019-02-06,2019-02-12
2019-02-12,2019-02-18
2019-02-18,2019-02-24
2019-02-24,2019-03-02
2019-03-02,2019-03-08
2019-03-08,2019-03-14
2019-03-14,2019-03-20
2019-03-20,2019-03-26
2019-03-26,2019-04-01
2019-04-01,2019-04-07
2019-04-07,2019-04-13
2019-04-13,2019-04-19
2019-04-19,2019-04-25
2019-04-25,2019-05-01
2019-05-01,2019-05-02
2019-05-02,2019-05-03
2019-05-03,2019-05-04
2019-05-04,2019-05-05
2019-05-05,2019-05-06
2019-05-06,2019-05-07
2019-05-06,2019-05-07
2019-05-07,2019-05-08
2019-05-07,2019-05-08
2019-05-08,2019-05-09
2019-05-08,2019-05-09
